Name;Surname
Jeremy;Dove
William;Watters
Kaillo;Timander
Terry;Hatch
Sangeeta;Meht
Tommy;Gunn
Billie;Jean
Dominique;Martin
Danyal;Phillips
Andrea;Lippy
Esther;Huson
Gabriel;Ignatius
Stanley;Ferrell
Uget;Mbatwe
Kareem;Al-Ghazi
Billy;Jaspers
Renata;Lilovic
Mikail;Jonsson
Regis;Ferguson
Kang;Chow
Patrick;Hunnisett
Bertrand;Cox
Bezu;St.Clair
Henrietta;Jacobs
Mickey;Polford
Tina;Cruz
Arthur;Hamilton
Fran;Nollington
Chris;Lilly
Zoe;Andrews
Grendel;Gross
Colin;Parry
Eleanor;Hotchkiss
Thomas;Rodriguez
Randy;Robitaille
Unter;Heublin
Pauline;Cully
Yola;Spintz
Cassandra;Troy
Longfellow;Gilmour
